{
	"textures": {
		"1": "minecraft:block/acacia_trapdoor"
	},
	"elements": [
		{
			"from": [0, 0, 0],
			"to": [16, 2, 16],
			"faces": {
				"north": {"uv": [14, 0, 16, 16], "rotation": 90, "texture": "#1"},
				"east": {"uv": [14, 0, 16, 16], "rotation": 90, "texture": "#1"},
				"south": {"uv": [14, 0, 16, 16], "rotation": 90, "texture": "#1"},
				"west": {"uv": [14, 0, 16, 16], "rotation": 90, "texture": "#1"},
				"up": {"uv": [0, 0, 16, 16], "texture": "#1"},
				"down": {"uv": [0, 0, 16, 16], "texture": "#1"}
			}
		},
		{
			"from": [14, 2, 2],
			"to": [16, 14, 14],
			"faces": {
				"north": {"uv": [14, 0, 16, 16], "rotation": 90, "texture": "#1"},
				"east": {"uv": [2, 2, 14, 14], "rotation": 90, "texture": "#1"},
				"south": {"uv": [14, 0, 16, 16], "rotation": 90, "texture": "#1"},
				"west": {"uv": [2, 2, 14, 14], "rotation": 90, "texture": "#1"},
				"up": {"uv": [0, 0, 16, 16], "rotation": 90, "texture": "#1"},
				"down": {"uv": [0, 0, 16, 16], "rotation": 90, "texture": "#1"}
			}
		},
		{
			"from": [0, 14, 2],
			"to": [16, 16, 14],
			"faces": {
				"north": {"uv": [14, 0, 16, 16], "rotation": 90, "texture": "#1"},
				"east": {"uv": [2, 0, 14, 2], "texture": "#1"},
				"south": {"uv": [14, 0, 16, 16], "rotation": 90, "texture": "#1"},
				"west": {"uv": [2, 0, 14, 2], "texture": "#1"},
				"up": {"uv": [0, 2, 16, 14], "texture": "#1"},
				"down": {"uv": [0, 2, 16, 14], "texture": "#1"}
			}
		},
		{
			"from": [0, 2, 14],
			"to": [16, 16, 16],
			"faces": {
				"north": {"uv": [0, 0, 16, 14], "texture": "#1"},
				"east": {"uv": [0, 14, 14, 16], "rotation": 90, "texture": "#1"},
				"south": {"uv": [0, 0, 16, 14], "texture": "#1"},
				"west": {"uv": [0, 0, 14, 2], "rotation": 90, "texture": "#1"},
				"up": {"uv": [0, 14, 16, 16], "texture": "#1"},
				"down": {"uv": [0, 0, 16, 16], "texture": "#1"}
			}
		},
		{
			"from": [0, 2, 0],
			"to": [16, 16, 2],
			"faces": {
				"north": {"uv": [0, 0, 16, 14], "texture": "#1"},
				"east": {"uv": [0, 0, 14, 2], "rotation": 90, "texture": "#1"},
				"south": {"uv": [0, 0, 16, 14], "texture": "#1"},
				"west": {"uv": [0, 14, 14, 16], "rotation": 90, "texture": "#1"},
				"up": {"uv": [0, 0, 16, 2], "texture": "#1"},
				"down": {"uv": [0, 0, 16, 16], "texture": "#1"}
			}
		}
	],
	"display": {
		"thirdperson_righthand": {
			"rotation": [-45, 63, 112],
			"scale": [0.325, 0.325, 0.325]
		},
		"thirdperson_lefthand": {
			"rotation": [45, 63, 112],
			"scale": [0.325, 0.325, 0.325]
		},
		"firstperson_righthand": {
			"rotation": [0, 45, 0],
			"scale": [0.5, 0.5, 0.5]
		},
		"firstperson_lefthand": {
			"rotation": [0, 45, 0],
			"scale": [0.5, 0.5, 0.5]
		},
		"ground": {
			"scale": [0.5, 0.5, 0.5]
		},
		"gui": {
			"rotation": [45, 45, 0],
			"scale": [0.5, 0.5, 0.5]
		},
		"fixed": {
			"rotation": [-90, 0, 0],
			"translation": [0, 0, -16],
			"scale": [2, 2, 2]
		}
	}
}