{
    "parent":"minecraft:block/spruce_trapdoor_bottom",
    "overrides":
    [
        {"predicate":{"custom_model_data":1},"model":"item/spruce_trapdoor_block_1"},
        {"predicate":{"custom_model_data":2},"model":"item/spruce_trapdoor_block_2"},
        {"predicate":{"custom_model_data":3},"model":"item/spruce_trapdoor_corner_1"},
        {"predicate":{"custom_model_data":4},"model":"item/spruce_trapdoor_corner_2"},
        {"predicate":{"custom_model_data":5},"model":"item/spruce_trapdoor_cup_1"},
        {"predicate":{"custom_model_data":6},"model":"item/spruce_trapdoor_cup_2"},
        {"predicate":{"custom_model_data":7},"model":"item/spruce_trapdoor_pipe_1"},
        {"predicate":{"custom_model_data":8},"model":"item/spruce_trapdoor_pipe_2"},
        {"predicate":{"custom_model_data":9},"model":"item/spruce_trapdoor_tube_1"},
        {"predicate":{"custom_model_data":10},"model":"item/spruce_trapdoor_tube_2"},
        {"predicate":{"custom_model_data":11},"model":"item/spruce_trapdoor_wrap_1"},
        {"predicate":{"custom_model_data":12},"model":"item/spruce_trapdoor_wrap_2"},
        {"predicate":{"custom_model_data":13},"model":"item/spruce_trapdoor_wrap_3"},
        {"predicate":{"custom_model_data":14},"model":"item/spruce_trapdoor_wrap_4"},
        {"predicate":{"custom_model_data":15},"model":"item/spruce_unt"}
    ]
}